Negative Words,Positive Words
2-faced,a+
2-faces,abound
abnormal,abounds
abolish,abundance
abominable,abundant
abominably,accessable
abominate,accessible
abomination,acclaim
abort,acclaimed
aborted,acclamation
aborts,accolade
abrade,accolades
abrasive,accommodative
abrupt,accomodative
abruptly,accomplish
abscond,accomplished
absence,accomplishment
absent-minded,accomplishments
absentee,accurate
absurd,accurately
absurdity,achievable
absurdly,achievement
absurdness,achievements
abuse,achievible
abused,acumen
abuses,adaptable
abusive,adaptive
abysmal,adequate
abysmally,adjustable
abyss,admirable
accidental,admirably
accost,admiration
accursed,admire
accusation,admirer
accusations,admiring
accuse,admiringly
accuses,adorable
accusing,adore
accusingly,adored
acerbate,adorer
acerbic,adoring
acerbically,adoringly
ache,adroit
ached,adroitly
aches,adulate
achey,adulation
aching,adulatory
acrid,advanced
acridly,advantage
acridness,advantageous
acrimonious,advantageously
acrimoniously,advantages
acrimony,adventuresome
adamant,adventurous
adamantly,advocate
addict,advocated
addicted,advocates
addicting,affability
addicts,affable
admonish,affably
admonisher,affectation
admonishingly,affection
admonishment,affectionate
admonition,affinity
adulterate,affirm
adulterated,affirmation
adulteration,affirmative
adulterier,affluence
adversarial,affluent
adversary,afford
adverse,affordable
adversity,affordably
afflict,afordable
affliction,agile
afflictive,agilely
affront,agility
afraid,agreeable
aggravate,agreeableness
aggravating,agreeably
aggravation,all-around
aggression,alluring
aggressive,alluringly
aggressiveness,altruistic
aggressor,altruistically
aggrieve,amaze
aggrieved,amazed
aggrivation,amazement
aghast,amazes
agonies,amazing
agonize,amazingly
agonizing,ambitious
agonizingly,ambitiously
agony,ameliorate
aground,amenable
ail,amenity
ailing,amiability
ailment,amiabily
aimless,amiable
alarm,amicability
alarmed,amicable
alarming,amicably
alarmingly,amity
alienate,ample
alienated,amply
alienation,amuse
allegation,amusing
allegations,amusingly
allege,angel
allergic,angelic
allergies,apotheosis
allergy,appeal
aloof,appealing
altercation,applaud
ambiguity,appreciable
ambiguous,appreciate
ambivalence,appreciated
ambivalent,appreciates
ambush,appreciative
amiss,appreciatively
amputate,appropriate
anarchism,approval
anarchist,approve
anarchistic,ardent
anarchy,ardently
anemic,ardor
anger,articulate
angrily,aspiration
angriness,aspirations
angry,aspire
anguish,assurance
animosity,assurances
annihilate,assure
annihilation,assuredly
annoy,assuring
annoyance,astonish
annoyances,astonished
annoyed,astonishing
annoying,astonishingly
annoyingly,astonishment
annoys,astound
anomalous,astounded
anomaly,astounding
antagonism,astoundingly
antagonist,astutely
antagonistic,attentive
antagonize,attraction
anti-,attractive
anti-american,attractively
anti-israeli,attune
anti-occupation,audible
anti-proliferation,audibly
anti-semites,auspicious
anti-social,authentic
anti-us,authoritative
anti-white,autonomous
antipathy,available
antiquated,aver
antithetical,avid
anxieties,avidly
anxiety,award
anxious,awarded
anxiously,awards
anxiousness,awe
apathetic,awed
apathetically,awesome
apathy,awesomely
apocalypse,awesomeness
apocalyptic,awestruck
apologist,awsome
apologists,backbone
appal,balanced
appall,bargain
appalled,beauteous
appalling,beautiful
appallingly,beautifullly
apprehension,beautifully
apprehensions,beautify
apprehensive,beauty
apprehensively,beckon
arbitrary,beckoned
arcane,beckoning
archaic,beckons
arduous,believable
arduously,believeable
argumentative,beloved
arrogance,benefactor
arrogant,beneficent
arrogantly,beneficial
ashamed,beneficially
asinine,beneficiary
asininely,benefit
asinininity,benefits
askance,benevolence
asperse,benevolent
aspersion,benifits
aspersions,best
assail,best-known
assassin,best-performing
assassinate,best-selling
assault,better
assult,better-known
astray,better-than-expected
asunder,beutifully
atrocious,blameless
atrocities,bless
atrocity,blessing
atrophy,bliss
attack,blissful
attacks,blissfully
audacious,blithe
audaciously,blockbuster
audaciousness,bloom
audacity,blossom
audiciously,bolster
austere,bonny
authoritarian,bonus
autocrat,bonuses
autocratic,boom
avalanche,booming
avarice,boost
avaricious,boundless
avariciously,bountiful
avenge,brainiest
averse,brainy
aversion,brand-new
aweful,brave
awful,bravery
awfully,bravo
awfulness,breakthrough
awkward,breakthroughs
awkwardness,breathlessness
ax,breathtaking
babble,breathtakingly
back-logged,breeze
back-wood,bright
back-woods,brighten
backache,brighter
backaches,brightest
backaching,brilliance
backbite,brilliances
backbiting,brilliant
backward,brilliantly
backwardness,brisk
backwood,brotherly
backwoods,bullish
bad,buoyant
badly,cajole
baffle,calm
baffled,calming
bafflement,calmness
baffling,capability
bait,capable
balk,capably
banal,captivate
banalize,captivating
bane,carefree
banish,cashback
banishment,cashbacks
bankrupt,catchy
barbarian,celebrate
barbaric,celebrated
barbarically,celebration
barbarity,celebratory
barbarous,champ
barbarously,champion
barren,charisma
baseless,charismatic
bash,charitable
bashed,charm
bashful,charming
bashing,charmingly
bastard,chaste
bastards,cheaper
battered,cheapest
battering,cheer
batty,cheerful
bearish,cheery
beastly,cherish
bedlam,cherished
bedlamite,cherub
befoul,chic
beg,chivalrous
beggar,chivalry
beggarly,civility
begging,civilize
beguile,clarity
belabor,classic
belated,classy
beleaguer,clean
belie,cleaner
belittle,cleanest
belittled,cleanliness
belittling,cleanly
bellicose,clear
belligerence,clear-cut
belligerent,cleared
belligerently,clearer
bemoan,clearly
bemoaning,clears
bemused,clever
bent,cleverly
berate,cohere
bereave,coherence
bereavement,coherent
bereft,cohesive
berserk,colorful
beseech,comely
beset,comfort
besiege,comfortable
besmirch,comfortably
bestial,comforting
betray,comfy
betrayal,commend
betrayals,commendable
betrayer,commendably
betraying,commitment
betrays,commodious
bewail,compact
beware,compactly
bewilder,compassion
bewildered,compassionate
bewildering,compatible
bewilderingly,competitive
bewilderment,complement
bewitch,complementary
bias,complemented
biased,complements
biases,compliant
bicker,compliment
bickering,complimentary
bid-rigging,comprehensive
bigotries,conciliate
bigotry,conciliatory
bitch,concise
bitchy,confidence
biting,confident
bitingly,congenial
bitter,congratulate
bitterly,congratulation
bitterness,congratulations
bizarre,congratulatory
blab,conscientious
blabber,considerate
blackmail,consistent
blah,consistently
blame,constructive
blameworthy,consummate
bland,contentment
blandish,continuity
blaspheme,contrasty
blasphemous,contribution
blasphemy,convenience
blasted,convenient
blatant,conveniently
blatantly,convience
blather,convienient
bleak,convient
bleakly,convincing
bleakness,convincingly
bleed,cool
bleeding,coolest
bleeds,cooperative
blemish,cooperatively
blind,cornerstone
blinding,correct
blindingly,correctly
blindside,cost-effective
blister,cost-saving
blistering,counter-attack
bloated,counter-attacks
blockage,courage
blockhead,courageous
bloodshed,courageously
bloodthirsty,courageousness
bloody,courteous
blotchy,courtly
blow,covenant
blunder,cozy
blundering,creative
blunders,credence
blunt,credible
blur,crisp
bluring,crisper
blurred,cure
blurring,cure-all
blurry,cushy
blurs,cute
blurt,cuteness
boastful,danke
boggle,danken
bogus,daring
boil,daringly
boiling,darling
boisterous,dashing
bomb,dauntless
bombard,dawn
bombardment,dazzle
bombastic,dazzled
bondage,dazzling
bonkers,dead-cheap
bore,dead-on
bored,decency
boredom,decent
bores,decisive
boring,decisiveness
botch,dedicated
bother,defeat
bothered,defeated
bothering,defeating
bothers,defeats
bothersome,defender
bowdlerize,deference
boycott,deft
braggart,deginified
bragger,delectable
brainless,delicacy
brainwash,delicate
brash,delicious
brashly,delight
brashness,delighted
brat,delightful
bravado,delightfully
brazen,delightfulness
brazenly,dependable
brazenness,dependably
breach,deservedly
break,deserving
break-up,desirable
break-ups,desiring
breakdown,desirous
breaking,destiny
breaks,detachable
breakup,devout
breakups,dexterous
bribery,dexterously
brimstone,dextrous
bristle,dignified
brittle,dignify
broke,dignity
broken,diligence
broken-hearted,diligent
brood,diligently
browbeat,diplomatic
bruise,dirt-cheap
bruised,distinction
bruises,distinctive
bruising,distinguished
brusque,diversified
brutal,divine
brutalising,divinely
brutalities,dominate
brutality,dominated
brutalize,dominates
brutalizing,dote
brutally,dotingly
brute,doubtless
brutish,dreamland
bs,dumbfounded
buckle,dumbfounding
bug,dummy-proof
bugging,durable
buggy,dynamic
bugs,eager
bulkier,eagerly
bulkiness,eagerness
bulky,earnest
bulkyness,earnestly
bull****,earnestness
bull----,ease
bullies,eased
bullshit,eases
bullshyt,easier
bully,easiest
bullying,easiness
bullyingly,easing
bum,easy
bump,easy-to-use
bumped,easygoing
bumping,ebullience
bumpping,ebullient
bumps,ebulliently
bumpy,ecenomical
bungle,economical
bungler,ecstasies
bungling,ecstasy
bunk,ecstatic
burden,ecstatically
burdensome,edify
burdensomely,educated
burn,effective
burned,effectively
burning,effectiveness
burns,effectual
bust,efficacious
busts,efficient
busybody,efficiently
butcher,effortless
butchery,effortlessly
buzzing,effusion
byzantine,effusive
cackle,effusively
calamities,effusiveness
calamitous,elan
calamitously,elate
calamity,elated
callous,elatedly
calumniate,elation
calumniation,electrify
calumnies,elegance
calumnious,elegant
calumniously,elegantly
calumny,elevate
cancer,elite
cancerous,eloquence
cannibal,eloquent
cannibalize,eloquently
capitulate,embolden
capricious,eminence
capriciously,eminent
capriciousness,empathize
capsize,empathy
careless,empower
carelessness,empowerment
caricature,enchant
carnage,enchanted
carp,enchanting
cartoonish,enchantingly
cash-strapped,encourage
castigate,encouragement
castrated,encouraging
casualty,encouragingly
cataclysm,endear
cataclysmal,endearing
cataclysmic,endorse
cataclysmically,endorsed
catastrophe,endorsement
catastrophes,endorses
catastrophic,endorsing
catastrophically,energetic
catastrophies,energize
caustic,energy-efficient
caustically,energy-saving
cautionary,engaging
cave,engrossing
censure,enhance
chafe,enhanced
chaff,enhancement
chagrin,enhances
challenging,enjoy
chaos,enjoyable
chaotic,enjoyably
chasten,enjoyed
chastise,enjoying
chastisement,enjoyment
chatter,enjoys
chatterbox,enlighten
cheap,enlightenment
cheapen,enliven
cheaply,ennoble
cheat,enough
cheated,enrapt
cheater,enrapture
cheating,enraptured
cheats,enrich
checkered,enrichment
cheerless,enterprising
cheesy,entertain
chide,entertaining
childish,entertains
chill,enthral
chilly,enthrall
chintzy,enthralled
choke,enthuse
choleric,enthusiasm
choppy,enthusiast
chore,enthusiastic
chronic,enthusiastically
chunky,entice
clamor,enticed
clamorous,enticing
clash,enticingly
cliche,entranced
cliched,entrancing
clique,entrust
clog,enviable
clogged,enviably
clogs,envious
cloud,enviously
clouding,enviousness
cloudy,envy
clueless,equitable
clumsy,ergonomical
clunky,err-free
coarse,erudite
cocky,ethical
coerce,eulogize
coercion,euphoria
coercive,euphoric
cold,euphorically
coldly,evaluative
collapse,evenly
collude,eventful
collusion,everlasting
combative,evocative
combust,exalt
comical,exaltation
commiserate,exalted
commonplace,exaltedly
commotion,exalting
commotions,exaltingly
complacent,examplar
complain,examplary
complained,excallent
complaining,exceed
complains,exceeded
complaint,exceeding
complaints,exceedingly
complex,exceeds
complicated,excel
complication,exceled
complicit,excelent
compulsion,excellant
compulsive,excelled
concede,excellence
conceded,excellency
conceit,excellent
conceited,excellently
concen,excels
concens,exceptional
concern,exceptionally
concerned,excite
concerns,excited
concession,excitedly
concessions,excitedness
condemn,excitement
condemnable,excites
condemnation,exciting
condemned,excitingly
condemns,exellent
condescend,exemplar
condescending,exemplary
condescendingly,exhilarate
condescension,exhilarating
confess,exhilaratingly
confession,exhilaration
confessions,exonerate
confined,expansive
conflict,expeditiously
conflicted,expertly
conflicting,exquisite
conflicts,exquisitely
confound,extol
confounded,extoll
confounding,extraordinarily
confront,extraordinary
confrontation,exuberance
confrontational,exuberant
confuse,exuberantly
confused,exult
confuses,exultant
confusing,exultation
confusion,exultingly
confusions,eye-catch
congested,eye-catching
congestion,eyecatch
cons,eyecatching
conscons,fabulous
conservative,fabulously
conspicuous,facilitate
conspicuously,fair
conspiracies,fairly
conspiracy,fairness
conspirator,faith
conspiratorial,faithful
conspire,faithfully
consternation,faithfulness
contagious,fame
contaminate,famed
contaminated,famous
contaminates,famously
contaminating,fancier
contamination,fancinating
contempt,fancy
contemptible,fanfare
contemptuous,fans
contemptuously,fantastic
contend,fantastically
contention,fascinate
contentious,fascinating
contort,fascinatingly
contortions,fascination
contradict,fashionable
contradiction,fashionably
contradictory,fast
contrariness,fast-growing
contravene,fast-paced
contrive,faster
contrived,fastest
controversial,fastest-growing
controversy,faultless
convoluted,fav
corrode,fave
corrosion,favor
corrosions,favorable
corrosive,favored
corrupt,favorite
corrupted,favorited
corrupting,favour
corruption,fearless
corrupts,fearlessly
corruptted,feasible
costlier,feasibly
costly,feat
counter-productive,feature-rich
counterproductive,fecilitous
coupists,feisty
covetous,felicitate
coward,felicitous
cowardly,felicity
crabby,fertile
crack,fervent
cracked,fervently
cracks,fervid
craftily,fervidly
craftly,fervor
crafty,festive
cramp,fidelity
cramped,fiery
cramping,fine
cranky,fine-looking
crap,finely
crappy,finer
craps,finest
crash,firmer
crashed,first-class
crashes,first-in-class
crashing,first-rate
crass,flashy
craven,flatter
cravenly,flattering
craze,flatteringly
crazily,flawless
craziness,flawlessly
crazy,flexibility
creak,flexible
creaking,flourish
creaks,flourishing
credulous,fluent
creep,flutter
creeping,fond
creeps,fondly
creepy,fondness
crept,foolproof
crime,foremost
criminal,foresight
cringe,formidable
cringed,fortitude
cringes,fortuitous
cripple,fortuitously
crippled,fortunate
cripples,fortunately
crippling,fortune
crisis,fragrant
critic,free
critical,freed
criticism,freedom
criticisms,freedoms
criticize,fresh
criticized,fresher
criticizing,freshest
critics,friendliness
cronyism,friendly
crook,frolic
crooked,frugal
crooks,fruitful
crowded,ftw
crowdedness,fulfillment
crude,fun
cruel,futurestic
crueler,futuristic
cruelest,gaiety
cruelly,gaily
cruelness,gain
cruelties,gained
cruelty,gainful
crumble,gainfully
crumbling,gaining
crummy,gains
crumple,gallant
crumpled,gallantly
crumples,galore
crush,geekier
crushed,geeky
crushing,gem
cry,gems
culpable,generosity
culprit,generous
cumbersome,generously
cunt,genial
cunts,genius
cuplrit,gentle
curse,gentlest
cursed,genuine
curses,gifted
curt,glad
cuss,gladden
cussed,gladly
cutthroat,gladness
cynical,glamorous
cynicism,glee
d*mn,gleeful
damage,gleefully
damaged,glimmer
damages,glimmering
damaging,glisten
damn,glistening
damnable,glitter
damnably,glitz
damnation,glorify
damned,glorious
damning,gloriously
damper,glory
danger,glow
dangerous,glowing
dangerousness,glowingly
dark,god-given
darken,god-send
darkened,godlike
darker,godsend
darkness,gold
dastard,golden
dastardly,good
daunt,goodly
daunting,goodness
dauntingly,goodwill
dawdle,goood
daze,gooood
dazed,gorgeous
dead,gorgeously
deadbeat,grace
deadlock,graceful
deadly,gracefully
deadweight,gracious
deaf,graciously
dearth,graciousness
death,grand
debacle,grandeur
debase,grateful
debasement,gratefully
debaser,gratification
debatable,gratified
debauch,gratifies
debaucher,gratify
debauchery,gratifying
debilitate,gratifyingly
debilitating,gratitude
debility,great
debt,greatest
debts,greatness
decadence,grin
decadent,groundbreaking
decay,guarantee
decayed,guidance
deceit,guiltless
deceitful,gumption
deceitfully,gush
deceitfulness,gusto
deceive,gutsy
deceiver,hail
deceivers,halcyon
deceiving,hale
deception,hallmark
deceptive,hallmarks
deceptively,hallowed
declaim,handier
decline,handily
declines,hands-down
declining,handsome
decrement,handsomely
decrepit,handy
decrepitude,happier
decry,happily
defamation,happiness
defamations,happy
defamatory,hard-working
defame,hardier
defect,hardy
defective,harmless
defects,harmonious
defensive,harmoniously
defiance,harmonize
defiant,harmony
defiantly,headway
deficiencies,heal
deficiency,healthful
deficient,healthy
defile,hearten
defiler,heartening
deform,heartfelt
deformed,heartily
defrauding,heartwarming
defunct,heaven
defy,heavenly
degenerate,helped
degenerately,helpful
degeneration,helping
degradation,hero
degrade,heroic
degrading,heroically
degradingly,heroine
dehumanization,heroize
dehumanize,heros
deign,high-quality
deject,high-spirited
dejected,hilarious
dejectedly,holy
dejection,homage
delay,honest
delayed,honesty
delaying,honor
delays,honorable
delinquency,honored
delinquent,honoring
delirious,hooray
delirium,hopeful
delude,hospitable
deluded,hot
deluge,hotcake
delusion,hotcakes
delusional,hottest
delusions,hug
demean,humane
demeaning,humble
demise,humility
demolish,humor
demolisher,humorous
demon,humorously
demonic,humour
demonize,humourous
demonized,ideal
demonizes,idealize
demonizing,ideally
demoralize,idol
demoralizing,idolize
demoralizingly,idolized
denial,idyllic
denied,illuminate
denies,illuminati
denigrate,illuminating
denounce,illumine
dense,illustrious
dent,ilu
dented,imaculate
dents,imaginative
denunciate,immaculate
denunciation,immaculately
denunciations,immense
deny,impartial
denying,impartiality
deplete,impartially
deplorable,impassioned
deplorably,impeccable
deplore,impeccably
deploring,important
deploringly,impress
deprave,impressed
depraved,impresses
depravedly,impressive
deprecate,impressively
depress,impressiveness
depressed,improve
depressing,improved
depressingly,improvement
depression,improvements
depressions,improves
deprive,improving
deprived,incredible
deride,incredibly
derision,indebted
derisive,individualized
derisively,indulgence
derisiveness,indulgent
derogatory,industrious
desecrate,inestimable
desert,inestimably
desertion,inexpensive
desiccate,infallibility
desiccated,infallible
desititute,infallibly
desolate,influential
desolately,ingenious
desolation,ingeniously
despair,ingenuity
despairing,ingenuous
despairingly,ingenuously
desperate,innocuous
desperately,innovation
desperation,innovative
despicable,inpressed
despicably,insightful
despise,insightfully
despised,inspiration
despoil,inspirational
despoiler,inspire
despondence,inspiring
despondency,instantly
despondent,instructive
despondently,instrumental
despot,integral
despotic,integrated
despotism,intelligence
destabilisation,intelligent
destains,intelligible
destitute,interesting
destitution,interests
destroy,intimacy
destroyer,intimate
destruction,intricate
destructive,intrigue
desultory,intriguing
deter,intriguingly
deteriorate,intuitive
deteriorating,invaluable
deterioration,invaluablely
deterrent,inventive
detest,invigorate
detestable,invigorating
detestably,invincibility
detested,invincible
detesting,inviolable
detests,inviolate
detract,invulnerable
detracted,irreplaceable
detracting,irreproachable
detraction,irresistible
detracts,irresistibly
detriment,issue-free
detrimental,jaw-droping
devastate,jaw-dropping
devastated,jollify
devastates,jolly
devastating,jovial
devastatingly,joy
devastation,joyful
deviate,joyfully
deviation,joyous
devil,joyously
devilish,jubilant
devilishly,jubilantly
devilment,jubilate
devilry,jubilation
devious,jubiliant
deviously,judicious
deviousness,justly
devoid,keen
diabolic,keenly
diabolical,keenness
diabolically,kid-friendly
diametrically,kindliness
diappointed,kindly
diatribe,kindness
diatribes,knowledgeable
dick,kudos
dictator,large-capacity
dictatorial,laud
die,laudable
die-hard,laudably
died,lavish
dies,lavishly
difficult,law-abiding
difficulties,lawful
difficulty,lawfully
diffidence,lead
dilapidated,leading
dilemma,leads
dilly-dally,lean
dim,led
dimmer,legendary
din,leverage
ding,levity
dings,liberate
dinky,liberation
dire,liberty
direly,lifesaver
direness,light-hearted
dirt,lighter
dirtbag,likable
dirtbags,like
dirts,liked
dirty,likes
disable,liking
disabled,lionhearted
disaccord,lively
disadvantage,logical
disadvantaged,long-lasting
disadvantageous,lovable
disadvantages,lovably
disaffect,love
disaffected,loved
disaffirm,loveliness
disagree,lovely
disagreeable,lover
disagreeably,loves
disagreed,loving
disagreeing,low-cost
disagreement,low-price
disagrees,low-priced
disallow,low-risk
disapointed,lower-priced
disapointing,loyal
disapointment,loyalty
disappoint,lucid
disappointed,lucidly
disappointing,luck
disappointingly,luckier
disappointment,luckiest
disappointments,luckiness
disappoints,lucky
disapprobation,lucrative
disapproval,luminous
disapprove,lush
disapproving,luster
disarm,lustrous
disarray,luxuriant
disaster,luxuriate
disasterous,luxurious
disastrous,luxuriously
disastrously,luxury
disavow,lyrical
disavowal,magic
disbelief,magical
disbelieve,magnanimous
disbeliever,magnanimously
disclaim,magnificence
discombobulate,magnificent
discomfit,magnificently
discomfititure,majestic
discomfort,majesty
discompose,manageable
disconcert,maneuverable
disconcerted,marvel
disconcerting,marveled
disconcertingly,marvelled
disconsolate,marvellous
disconsolately,marvelous
disconsolation,marvelously
discontent,marvelousness
discontented,marvels
discontentedly,master
discontinued,masterful
discontinuity,masterfully
discontinuous,masterpiece
discord,masterpieces
discordance,masters
discordant,mastery
discountenance,matchless
discourage,mature
discouragement,maturely
discouraging,maturity
discouragingly,meaningful
discourteous,memorable
discourteously,merciful
discoutinous,mercifully
discredit,mercy
discrepant,merit
discriminate,meritorious
discrimination,merrily
discriminatory,merriment
disdain,merriness
disdained,merry
disdainful,mesmerize
disdainfully,mesmerized
disfavor,mesmerizes
disgrace,mesmerizing
disgraced,mesmerizingly
disgraceful,meticulous
disgracefully,meticulously
disgruntle,mightily
disgruntled,mighty
disgust,mind-blowing
disgusted,miracle
disgustedly,miracles
disgustful,miraculous
disgustfully,miraculously
disgusting,miraculousness
disgustingly,modern
dishearten,modest
disheartening,modesty
dishearteningly,momentous
dishonest,monumental
dishonestly,monumentally
dishonesty,morality
dishonor,motivated
dishonorable,multi-purpose
dishonorablely,navigable
disillusion,neat
disillusioned,neatest
disillusionment,neatly
disillusions,nice
disinclination,nicely
disinclined,nicer
disingenuous,nicest
disingenuously,nifty
disintegrate,nimble
disintegrated,noble
disintegrates,nobly
disintegration,noiseless
disinterest,non-violence
disinterested,non-violent
dislike,notably
disliked,noteworthy
dislikes,nourish
disliking,nourishing
dislocated,nourishment
disloyal,novelty
disloyalty,nurturing
dismal,oasis
dismally,obsession
dismalness,obsessions
dismay,obtainable
dismayed,openly
dismaying,openness
dismayingly,optimal
dismissive,optimism
dismissively,optimistic
disobedience,opulent
disobedient,orderly
disobey,originality
disoobedient,outdo
disorder,outdone
disordered,outperform
disorderly,outperformed
disorganized,outperforming
disorient,outperforms
disoriented,outshine
disown,outshone
disparage,outsmart
disparaging,outstanding
disparagingly,outstandingly
dispensable,outstrip
dispirit,outwit
dispirited,ovation
dispiritedly,overjoyed
dispiriting,overtake
displace,overtaken
displaced,overtakes
displease,overtaking
displeased,overtook
displeasing,overture
displeasure,pain-free
disproportionate,painless
disprove,painlessly
disputable,palatial
dispute,pamper
disputed,pampered
disquiet,pamperedly
disquieting,pamperedness
disquietingly,pampers
disquietude,panoramic
disregard,paradise
disregardful,paramount
disreputable,pardon
disrepute,passion
disrespect,passionate
disrespectable,passionately
disrespectablity,patience
disrespectful,patient
disrespectfully,patiently
disrespectfulness,patriot
disrespecting,patriotic
disrupt,peace
disruption,peaceable
disruptive,peaceful
diss,peacefully
dissapointed,peacekeepers
dissappointed,peach
dissappointing,peerless
dissatisfaction,pep
dissatisfactory,pepped
dissatisfied,pepping
dissatisfies,peppy
dissatisfy,peps
dissatisfying,perfect
dissed,perfection
dissemble,perfectly
dissembler,permissible
dissension,perseverance
dissent,persevere
dissenter,personages
dissention,personalized
disservice,phenomenal
disses,phenomenally
dissidence,picturesque
dissident,piety
dissidents,pinnacle
dissing,playful
dissocial,playfully
dissolute,pleasant
dissolution,pleasantly
dissonance,pleased
dissonant,pleases
dissonantly,pleasing
dissuade,pleasingly
dissuasive,pleasurable
distains,pleasurably
distaste,pleasure
distasteful,plentiful
distastefully,pluses
distort,plush
distorted,plusses
distortion,poetic
distorts,poeticize
distract,poignant
distracting,poise
distraction,poised
distraught,polished
distraughtly,polite
distraughtness,politeness
distress,popular
distressed,portable
distressing,posh
distressingly,positive
distrust,positively
distrustful,positives
distrusting,powerful
disturb,powerfully
disturbance,praise
disturbed,praiseworthy
disturbing,praising
disturbingly,pre-eminent
disunity,precious
disvalue,precise
divergent,precisely
divisive,preeminent
divisively,prefer
divisiveness,preferable
dizzing,preferably
dizzingly,prefered
dizzy,preferes
doddering,preferring
dodgey,prefers
dogged,premier
doggedly,prestige
dogmatic,prestigious
doldrums,prettily
domineer,pretty
domineering,priceless
donside,pride
doom,principled
doomed,privilege
doomsday,privileged
dope,prize
doubt,proactive
doubtful,problem-free
doubtfully,problem-solver
doubts,prodigious
douchbag,prodigiously
douchebag,prodigy
douchebags,productive
downbeat,productively
downcast,proficient
downer,proficiently
downfall,profound
downfallen,profoundly
downgrade,profuse
downhearted,profusion
downheartedly,progress
downhill,progressive
downside,prolific
downsides,prominence
downturn,prominent
downturns,promise
drab,promised
draconian,promises
draconic,promising
drag,promoter
dragged,prompt
dragging,promptly
dragoon,proper
drags,properly
drain,propitious
drained,propitiously
draining,pros
drains,prosper
drastic,prosperity
drastically,prosperous
drawback,prospros
drawbacks,protect
dread,protection
dreadful,protective
dreadfully,proud
dreadfulness,proven
dreary,proves
dripped,providence
dripping,proving
drippy,prowess
drips,prudence
drones,prudent
droop,prudently
droops,punctual
drop-out,pure
drop-outs,purify
dropout,purposeful
dropouts,quaint
drought,qualified
drowning,qualify
drunk,quicker
drunkard,quiet
drunken,quieter
dubious,radiance
dubiously,radiant
dubitable,rapid
dud,rapport
dull,rapt
dullard,rapture
dumb,raptureous
dumbfound,raptureously
dump,rapturous
dumped,rapturously
dumping,rational
dumps,razor-sharp
dunce,reachable
dungeon,readable
dungeons,readily
dupe,ready
dust,reaffirm
dusty,reaffirmation
dwindling,realistic
dying,realizable
earsplitting,reasonable
eccentric,reasonably
eccentricity,reasoned
effigy,reassurance
effrontery,reassure
egocentric,receptive
egomania,reclaim
egotism,recomend
egotistical,recommend
egotistically,recommendation
egregious,recommendations
egregiously,recommended
election-rigger,reconcile
elimination,reconciliation
emaciated,record-setting
emasculate,recover
embarrass,recovery
embarrassing,rectification
embarrassingly,rectify
embarrassment,rectifying
embattled,redeem
embroil,redeeming
embroiled,redemption
embroilment,refine
emergency,refined
emphatic,refinement
emphatically,reform
emptiness,reformed
encroach,reforming
encroachment,reforms
endanger,refresh
enemies,refreshed
enemy,refreshing
enervate,refund
enfeeble,refunded
enflame,regal
engulf,regally
enjoin,regard
enmity,rejoice
enrage,rejoicing
enraged,rejoicingly
enraging,rejuvenate
enslave,rejuvenated
entangle,rejuvenating
entanglement,relaxed
entrap,relent
entrapment,reliable
envious,reliably
enviously,relief
enviousness,relish
epidemic,remarkable
equivocal,remarkably
erase,remedy
erode,remission
erodes,remunerate
erosion,renaissance
err,renewed
errant,renown
erratic,renowned
erratically,replaceable
erroneous,reputable
erroneously,reputation
error,resilient
errors,resolute
eruptions,resound
escapade,resounding
eschew,resourceful
estranged,resourcefulness
evade,respect
evasion,respectable
evasive,respectful
evil,respectfully
evildoer,respite
evils,resplendent
eviscerate,responsibly
exacerbate,responsive
exagerate,restful
exagerated,restored
exagerates,restructure
exaggerate,restructured
exaggeration,restructuring
exasperate,retractable
exasperated,revel
exasperating,revelation
exasperatingly,revere
exasperation,reverence
excessive,reverent
excessively,reverently
exclusion,revitalize
excoriate,revival
excruciating,revive
excruciatingly,revives
excuse,revolutionary
excuses,revolutionize
execrate,revolutionized
exhaust,revolutionizes
exhausted,reward
exhaustion,rewarding
exhausts,rewardingly
exhorbitant,rich
exhort,richer
exile,richly
exorbitant,richness
exorbitantance,right
exorbitantly,righten
expel,righteous
expensive,righteously
expire,righteousness
expired,rightful
explode,rightfully
exploit,rightly
exploitation,rightness
explosive,risk-free
expropriate,robust
expropriation,rock-star
expulse,rock-stars
expunge,rockstar
exterminate,rockstars
extermination,romantic
extinguish,romantically
extort,romanticize
extortion,roomier
extraneous,roomy
extravagance,rosy
extravagant,safe
extravagantly,safely
extremism,sagacity
extremist,sagely
extremists,saint
eyesore,saintliness
f**k,saintly
fabricate,salutary
fabrication,salute
facetious,sane
facetiously,satisfactorily
fail,satisfactory
failed,satisfied
failing,satisfies
fails,satisfy
failure,satisfying
failures,satisified
faint,saver
fainthearted,savings
faithless,savior
fake,savvy
fall,scenic
fallacies,seamless
fallacious,seasoned
fallaciously,secure
fallaciousness,securely
fallacy,selective
fallen,self-determination
falling,self-respect
fallout,self-satisfaction
falls,self-sufficiency
false,self-sufficient
falsehood,sensation
falsely,sensational
falsify,sensationally
falter,sensations
faltered,sensible
famine,sensibly
famished,sensitive
fanatic,serene
fanatical,serenity
fanatically,sexy
fanaticism,sharp
fanatics,sharper
fanciful,sharpest
far-fetched,shimmering
farce,shimmeringly
farcical,shine
farcical-yet-provocative,shiny
farcically,significant
farfetched,silent
fascism,simpler
fascist,simplest
fastidious,simplified
fastidiously,simplifies
fastuous,simplify
fat,simplifying
fat-cat,sincere
fat-cats,sincerely
fatal,sincerity
fatalistic,skill
fatalistically,skilled
fatally,skillful
fatcat,skillfully
fatcats,slammin
fateful,sleek
fatefully,slick
fathomless,smart
fatigue,smarter
fatigued,smartest
fatique,smartly
fatty,smile
fatuity,smiles
fatuous,smiling
fatuously,smilingly
fault,smitten
faults,smooth
faulty,smoother
fawningly,smoothes
faze,smoothest
fear,smoothly
fearful,snappy
fearfully,snazzy
fears,sociable
fearsome,soft
feckless,softer
feeble,solace
feeblely,solicitous
feebleminded,solicitously
feign,solid
feint,solidarity
fell,soothe
felon,soothingly
felonious,sophisticated
ferociously,soulful
ferocity,soundly
fetid,soundness
fever,spacious
feverish,sparkle
fevers,sparkling
fiasco,spectacular
fib,spectacularly
fibber,speedily
fickle,speedy
fiction,spellbind
fictional,spellbinding
fictitious,spellbindingly
fidget,spellbound
fidgety,spirited
fiend,spiritual
fiendish,splendid
fierce,splendidly
figurehead,splendor
filth,spontaneous
filthy,sporty
finagle,spotless
finicky,sprightly
fissures,stability
fist,stabilize
flabbergast,stable
flabbergasted,stainless
flagging,standout
flagrant,state-of-the-art
flagrantly,stately
flair,statuesque
flairs,staunch
flak,staunchly
flake,staunchness
flakey,steadfast
flakieness,steadfastly
flaking,steadfastness
flaky,steadiest
flare,steadiness
flares,steady
flareup,stellar
flareups,stellarly
flat-out,stimulate
flaunt,stimulates
flaw,stimulating
flawed,stimulative
flaws,stirringly
flee,straighten
fleed,straightforward
fleeing,streamlined
fleer,striking
flees,strikingly
fleeting,striving
flicering,strong
flicker,stronger
flickering,strongest
flickers,stunned
flighty,stunning
flimflam,stunningly
flimsy,stupendous
flirt,stupendously
flirty,sturdier
floored,sturdy
flounder,stylish
floundering,stylishly
flout,stylized
fluster,suave
foe,suavely
fool,sublime
fooled,subsidize
foolhardy,subsidized
foolish,subsidizes
foolishly,subsidizing
foolishness,substantive
forbid,succeed
forbidden,succeeded
forbidding,succeeding
forceful,succeeds
foreboding,succes
forebodingly,success
forfeit,successes
forged,successful
forgetful,successfully
forgetfully,suffice
forgetfulness,sufficed
forlorn,suffices
forlornly,sufficient
forsake,sufficiently
forsaken,suitable
forswear,sumptuous
foul,sumptuously
foully,sumptuousness
foulness,super
fractious,superb
fractiously,superbly
fracture,superior
fragile,superiority
fragmented,supple
frail,support
frantic,supported
frantically,supporter
franticly,supporting
fraud,supportive
fraudulent,supports
fraught,supremacy
frazzle,supreme
frazzled,supremely
freak,supurb
freaking,supurbly
freakish,surmount
freakishly,surpass
freaks,surreal
freeze,survival
freezes,survivor
freezing,sustainability
frenetic,sustainable
frenetically,swank
frenzied,swankier
frenzy,swankiest
fret,swanky
fretful,sweeping
frets,sweet
friction,sweeten
frictions,sweetheart
fried,sweetly
friggin,sweetness
frigging,swift
fright,swiftness
frighten,talent
frightening,talented
frighteningly,talents
frightful,tantalize
frightfully,tantalizing
frigid,tantalizingly
frost,tempt
frown,tempting
froze,temptingly
frozen,tenacious
fruitless,tenaciously
fruitlessly,tenacity
frustrate,tender
frustrated,tenderly
frustrates,terrific
frustrating,terrifically
frustratingly,thank
frustration,thankful
frustrations,thinner
fuck,thoughtful
fucking,thoughtfully
fudge,thoughtfulness
fugitive,thrift
full-blown,thrifty
fulminate,thrill
fumble,thrilled
fume,thrilling
fumes,thrillingly
fundamentalism,thrills
funky,thrive
funnily,thriving
funny,thumb-up
furious,thumbs-up
furiously,tickle
furor,tidy
fury,time-honored
fuss,timely
fussy,tingle
fustigate,titillate
fusty,titillating
futile,titillatingly
futilely,togetherness
futility,tolerable
fuzzy,toll-free
gabble,top
gaff,top-notch
gaffe,top-quality
gainsay,topnotch
gainsayer,tops
gall,tough
galling,tougher
gallingly,toughest
galls,traction
gangster,tranquil
gape,tranquility
garbage,transparent
garish,treasure
gasp,tremendously
gauche,trendy
gaudy,triumph
gawk,triumphal
gawky,triumphant
geezer,triumphantly
genocide,trivially
get-rich,trophy
ghastly,trouble-free
ghetto,trump
ghosting,trumpet
gibber,trust
gibberish,trusted
gibe,trusting
giddy,trustingly
gimmick,trustworthiness
gimmicked,trustworthy
gimmicking,trusty
gimmicks,truthful
gimmicky,truthfully
glare,truthfulness
glaringly,twinkly
glib,ultra-crisp
glibly,unabashed
glitch,unabashedly
glitches,unaffected
gloatingly,unassailable
gloom,unbeatable
gloomy,unbiased
glower,unbound
glum,uncomplicated
glut,unconditional
gnawing,undamaged
goad,undaunted
goading,understandable
god-awful,undisputable
goof,undisputably
goofy,undisputed
goon,unencumbered
gossip,unequivocal
graceless,unequivocally
gracelessly,unfazed
graft,unfettered
grainy,unforgettable
grapple,unity
grate,unlimited
grating,unmatched
gravely,unparalleled
greasy,unquestionable
greed,unquestionably
greedy,unreal
grief,unrestricted
grievance,unrivaled
grievances,unselfish
grieve,unwavering
grieving,upbeat
grievous,upgradable
grievously,upgradeable
grim,upgraded
grimace,upheld
grind,uphold
gripe,uplift
gripes,uplifting
grisly,upliftingly
gritty,upliftment
gross,upscale
grossly,usable
grotesque,useable
grouch,useful
grouchy,user-friendly
groundless,user-replaceable
grouse,valiant
growl,valiantly
grudge,valor
grudges,valuable
grudging,variety
grudgingly,venerate
gruesome,verifiable
gruesomely,veritable
gruff,versatile
grumble,versatility
grumpier,vibrant
grumpiest,vibrantly
grumpily,victorious
grumpish,victory
grumpy,viewable
guile,vigilance
guilt,vigilant
guiltily,virtue
guilty,virtuous
gullible,virtuously
gutless,visionary
gutter,vivacious
hack,vivid
hacks,vouch
haggard,vouchsafe
haggle,warm
hairloss,warmer
halfhearted,warmhearted
halfheartedly,warmly
hallucinate,warmth
hallucination,wealthy
hamper,welcome
hampered,well
handicapped,well-backlit
hang,well-balanced
hangs,well-behaved
haphazard,well-being
hapless,well-bred
harangue,well-connected
harass,well-educated
harassed,well-established
harasses,well-informed
harassment,well-intentioned
harboring,well-known
harbors,well-made
hard,well-managed
hard-hit,well-mannered
hard-line,well-positioned
hard-liner,well-received
hardball,well-regarded
harden,well-rounded
hardened,well-run
hardheaded,well-wishers
hardhearted,wellbeing
hardliner,whoa
hardliners,wholeheartedly
hardship,wholesome
hardships,whooa
harm,whoooa
harmed,wieldy
harmful,willing
harms,willingly
harpy,willingness
harridan,win
harried,windfall
harrow,winnable
harsh,winner
harshly,winners
hasseling,winning
hassle,wins
hassled,wisdom
hassles,wise
haste,wisely
hastily,witty
hasty,won
hate,wonder
hated,wonderful
hateful,wonderfully
hatefully,wonderous
hatefulness,wonderously
hater,wonders
haters,wondrous
hates,woo
hating,work
hatred,workable
haughtily,worked
haughty,works
haunt,world-famous
haunting,worth
havoc,worth-while
hawkish,worthiness
haywire,worthwhile
hazard,worthy
hazardous,wow
haze,wowed
hazy,wowing
head-aches,wows
headache,yay
headaches,youthful
heartbreaker,zeal
heartbreaking,zenith
heartbreakingly,zest
heartless,zippy
heathen,haha
heavy-handed,lol
heavyhearted,woo
heck,thks
heckle,cute
heckled,comeback
heckles,prop
hectic,props
hedge,congratulation
hedonistic,gtd
heedless,thanks
hefty,pumped
hegemonism,integrate
hegemonistic,loves it
hegemony,yay
heinous,amazing
hell,flail
hell-bent,fail
hellion,hawt
hells,hawtness
helpless,hero
helplessly,yummy
helplessness,awesome
heresy,congrats
heretic,intellectual
heretical,vigor
hesitant,yay
hestitant,ftw
hideous,imrpessive
hideously,positive
hideousness,thx
high-priced,thanks
hiliarious,thank you
hinder,endorse
hindrance,superior
hiss,woot
hissed,w00t
hissing,super
ho-hum,wonderful
hoard,incredible
hoax,best
hobble,strong
hogs,rally
hollow,exceptional
hoodium,funny
hoodwink,recommend
hooligan,proud
hopeless,great
hopelessly,cool
hopelessness,cool
horde,wowsers
horrendous,plus
horrendously,inspired
horrible,ok
horrid,voting for
horrific,great
horrified,agreeable
horrifies,amused
horrify,brave
horrifying,calm
horrifys,charming
hostage,cheerful
hostile,comfortable
hostilities,cooperative
hostility,courageous
hotbeds,delightful
hothead,determined
hotheaded,eager
hothouse,elated
hubris,enchanting
huckster,encouraging
hum,energetic
humid,enthusiastic
humiliate,excited
humiliating,exuberant
humiliation,excellent
humming,like
hung,fine
hurt,fair
hurted,faithful
hurtful,fantastic
hurting,fine
hurts,friendly
hustler,fun
hype,funny
hypocricy,gentle
hypocrisy,glorious
hypocrite,good
hypocrites,pretty good
hypocritical,happy
hypocritically,healthy
hysteria,helpful
hysteric,high
hysterical,agile
hysterically,responsive
hysterics,hilarious
idiocies,jolly
idiocy,joyous
idiot,kind
idiotic,lively
idiotically,lovely
idiots,lucky
idle,nice
ignoble,nicely
ignominious,obedient
ignominiously,perfect
ignominy,pleasant
ignorance,proud
ignorant,relieved
ignore,silly
ill-advised,smiling
ill-conceived,splendid
ill-defined,successful
ill-designed,thankful
ill-fated,thoughtful
ill-favored,victorious
ill-formed,vivacious
ill-mannered,witty
ill-natured,wonderful
ill-sorted,zealous
ill-tempered,zany
ill-treated,rocks
ill-treatment,comeback
ill-usage,pleasantly
ill-used,surprised
illegal,love
illegally,glad
illegitimate,yum
illicit,interesting
illiterate,
illness,
illogic,
illogical,
illogically,
illusion,
illusions,
illusory,
imaginary,
imbalance,
imbecile,
imbroglio,
immaterial,
immature,
imminence,
imminently,
immobilized,
immoderate,
immoderately,
immodest,
immoral,
immorality,
immorally,
immovable,
impair,
impaired,
impasse,
impatience,
impatient,
impatiently,
impeach,
impedance,
impede,
impediment,
impending,
impenitent,
imperfect,
imperfection,
imperfections,
imperfectly,
imperialist,
imperil,
imperious,
imperiously,
impermissible,
impersonal,
impertinent,
impetuous,
impetuously,
impiety,
impinge,
impious,
implacable,
implausible,
implausibly,
implicate,
implication,
implode,
impolite,
impolitely,
impolitic,
importunate,
importune,
impose,
imposers,
imposing,
imposition,
impossible,
impossiblity,
impossibly,
impotent,
impoverish,
impoverished,
impractical,
imprecate,
imprecise,
imprecisely,
imprecision,
imprison,
imprisonment,
improbability,
improbable,
improbably,
improper,
improperly,
impropriety,
imprudence,
imprudent,
impudence,
impudent,
impudently,
impugn,
impulsive,
impulsively,
impunity,
impure,
impurity,
inability,
inaccuracies,
inaccuracy,
inaccurate,
inaccurately,
inaction,
inactive,
inadequacy,
inadequate,
inadequately,
inadverent,
inadverently,
inadvisable,
inadvisably,
inane,
inanely,
inappropriate,
inappropriately,
inapt,
inaptitude,
inarticulate,
inattentive,
inaudible,
incapable,
incapably,
incautious,
incendiary,
incense,
incessant,
incessantly,
incite,
incitement,
incivility,
inclement,
incognizant,
incoherence,
incoherent,
incoherently,
incommensurate,
incomparable,
incomparably,
incompatability,
incompatibility,
incompatible,
incompetence,
incompetent,
incompetently,
incomplete,
incompliant,
incomprehensible,
incomprehension,
inconceivable,
inconceivably,
incongruous,
incongruously,
inconsequent,
inconsequential,
inconsequentially,
inconsequently,
inconsiderate,
inconsiderately,
inconsistence,
inconsistencies,
inconsistency,
inconsistent,
inconsolable,
inconsolably,
inconstant,
inconvenience,
inconveniently,
incorrect,
incorrectly,
incorrigible,
incorrigibly,
incredulous,
incredulously,
inculcate,
indecency,
indecent,
indecently,
indecision,
indecisive,
indecisively,
indecorum,
indefensible,
indelicate,
indeterminable,
indeterminably,
indeterminate,
indifference,
indifferent,
indigent,
indignant,
indignantly,
indignation,
indignity,
indiscernible,
indiscreet,
indiscreetly,
indiscretion,
indiscriminate,
indiscriminately,
indiscriminating,
indistinguishable,
indoctrinate,
indoctrination,
indolent,
indulge,
ineffective,
ineffectively,
ineffectiveness,
ineffectual,
ineffectually,
ineffectualness,
inefficacious,
inefficacy,
inefficiency,
inefficient,
inefficiently,
inelegance,
inelegant,
ineligible,
ineloquent,
ineloquently,
inept,
ineptitude,
ineptly,
inequalities,
inequality,
inequitable,
inequitably,
inequities,
inescapable,
inescapably,
inessential,
inevitable,
inevitably,
inexcusable,
inexcusably,
inexorable,
inexorably,
inexperience,
inexperienced,
inexpert,
inexpertly,
inexpiable,
inexplainable,
inextricable,
inextricably,
infamous,
infamously,
infamy,
infected,
infection,
infections,
inferior,
inferiority,
infernal,
infest,
infested,
infidel,
infidels,
infiltrator,
infiltrators,
infirm,
inflame,
inflammation,
inflammatory,
inflammed,
inflated,
inflationary,
inflexible,
inflict,
infraction,
infringe,
infringement,
infringements,
infuriate,
infuriated,
infuriating,
infuriatingly,
inglorious,
ingrate,
ingratitude,
inhibit,
inhibition,
inhospitable,
inhospitality,
inhuman,
inhumane,
inhumanity,
inimical,
inimically,
iniquitous,
iniquity,
injudicious,
injure,
injurious,
injury,
injustice,
injustices,
innuendo,
inoperable,
inopportune,
inordinate,
inordinately,
insane,
insanely,
insanity,
insatiable,
insecure,
insecurity,
insensible,
insensitive,
insensitively,
insensitivity,
insidious,
insidiously,
insignificance,
insignificant,
insignificantly,
insincere,
insincerely,
insincerity,
insinuate,
insinuating,
insinuation,
insociable,
insolence,
insolent,
insolently,
insolvent,
insouciance,
instability,
instable,
instigate,
instigator,
instigators,
insubordinate,
insubstantial,
insubstantially,
insufferable,
insufferably,
insufficiency,
insufficient,
insufficiently,
insular,
insult,
insulted,
insulting,
insultingly,
insults,
insupportable,
insupportably,
insurmountable,
insurmountably,
insurrection,
intefere,
inteferes,
intense,
interfere,
interference,
interferes,
intermittent,
interrupt,
interruption,
interruptions,
intimidate,
intimidating,
intimidatingly,
intimidation,
intolerable,
intolerablely,
intolerance,
intoxicate,
intractable,
intransigence,
intransigent,
intrude,
intrusion,
intrusive,
inundate,
inundated,
invader,
invalid,
invalidate,
invalidity,
invasive,
invective,
inveigle,
invidious,
invidiously,
invidiousness,
invisible,
involuntarily,
involuntary,
irascible,
irate,
irately,
ire,
irk,
irked,
irking,
irks,
irksome,
irksomely,
irksomeness,
irksomenesses,
ironic,
ironical,
ironically,
ironies,
irony,
irragularity,
irrational,
irrationalities,
irrationality,
irrationally,
irrationals,
irreconcilable,
irrecoverable,
irrecoverableness,
irrecoverablenesses,
irrecoverably,
irredeemable,
irredeemably,
irreformable,
irregular,
irregularity,
irrelevance,
irrelevant,
irreparable,
irreplacible,
irrepressible,
irresolute,
irresolvable,
irresponsible,
irresponsibly,
irretating,
irretrievable,
irreversible,
irritable,
irritably,
irritant,
irritate,
irritated,
irritating,
irritation,
irritations,
isolate,
isolated,
isolation,
issue,
issues,
itch,
itching,
itchy,
jabber,
jaded,
jagged,
jam,
jarring,
jaundiced,
jealous,
jealously,
jealousness,
jealousy,
jeer,
jeering,
jeeringly,
jeers,
jeopardize,
jeopardy,
jerk,
jerky,
jitter,
jitters,
jittery,
job-killing,
jobless,
joke,
joker,
jolt,
judder,
juddering,
judders,
jumpy,
junk,
junky,
junkyard,
jutter,
jutters,
kaput,
kill,
killed,
killer,
killing,
killjoy,
kills,
knave,
knife,
knock,
knotted,
kook,
kooky,
lack,
lackadaisical,
lacked,
lackey,
lackeys,
lacking,
lackluster,
lacks,
laconic,
lag,
lagged,
lagging,
laggy,
lags,
laid-off,
lambast,
lambaste,
lame,
lame-duck,
lament,
lamentable,
lamentably,
languid,
languish,
languor,
languorous,
languorously,
lanky,
lapse,
lapsed,
lapses,
lascivious,
last-ditch,
latency,
laughable,
laughably,
laughingstock,
lawbreaker,
lawbreaking,
lawless,
lawlessness,
layoff,
layoff-happy,
lazy,
leak,
leakage,
leakages,
leaking,
leaks,
leaky,
lech,
lecher,
lecherous,
lechery,
leech,
leer,
leery,
left-leaning,
lemon,
lengthy,
less-developed,
lesser-known,
letch,
lethal,
lethargic,
lethargy,
lewd,
lewdly,
lewdness,
liability,
liable,
liar,
liars,
licentious,
licentiously,
licentiousness,
lie,
lied,
lier,
lies,
life-threatening,
lifeless,
limit,
limitation,
limitations,
limited,
limits,
limp,
listless,
litigious,
little-known,
livid,
lividly,
loath,
loathe,
loathing,
loathly,
loathsome,
loathsomely,
lone,
loneliness,
lonely,
loner,
lonesome,
long-time,
long-winded,
longing,
longingly,
loophole,
loopholes,
loose,
loot,
lorn,
lose,
loser,
losers,
loses,
losing,
loss,
losses,
lost,
loud,
louder,
lousy,
loveless,
lovelorn,
low-rated,
lowly,
ludicrous,
ludicrously,
lugubrious,
lukewarm,
lull,
lumpy,
lunatic,
lunaticism,
lurch,
lure,
lurid,
lurk,
lurking,
lying,
macabre,
mad,
madden,
maddening,
maddeningly,
madder,
madly,
madman,
madness,
maladjusted,
maladjustment,
malady,
malaise,
malcontent,
malcontented,
maledict,
malevolence,
malevolent,
malevolently,
malice,
malicious,
maliciously,
maliciousness,
malign,
malignant,
malodorous,
maltreatment,
mangle,
mangled,
mangles,
mangling,
mania,
maniac,
maniacal,
manic,
manipulate,
manipulation,
manipulative,
manipulators,
mar,
marginal,
marginally,
martyrdom,
martyrdom-seeking,
mashed,
massacre,
massacres,
matte,
mawkish,
mawkishly,
mawkishness,
meager,
meaningless,
meanness,
measly,
meddle,
meddlesome,
mediocre,
mediocrity,
melancholy,
melodramatic,
melodramatically,
meltdown,
menace,
menacing,
menacingly,
mendacious,
mendacity,
menial,
merciless,
mercilessly,
mess,
messed,
messes,
messing,
messy,
midget,
miff,
militancy,
mindless,
mindlessly,
mirage,
mire,
misalign,
misaligned,
misaligns,
misapprehend,
misbecome,
misbecoming,
misbegotten,
misbehave,
misbehavior,
miscalculate,
miscalculation,
miscellaneous,
mischief,
mischievous,
mischievously,
misconception,
misconceptions,
miscreant,
miscreants,
misdirection,
miser,
miserable,
miserableness,
miserably,
miseries,
miserly,
misery,
misfit,
misfortune,
misgiving,
misgivings,
misguidance,
misguide,
misguided,
mishandle,
mishap,
misinform,
misinformed,
misinterpret,
misjudge,
misjudgment,
mislead,
misleading,
misleadingly,
mislike,
mismanage,
mispronounce,
mispronounced,
mispronounces,
misread,
misreading,
misrepresent,
misrepresentation,
miss,
missed,
misses,
misstatement,
mist,
mistake,
mistaken,
mistakenly,
mistakes,
mistified,
mistress,
mistrust,
mistrustful,
mistrustfully,
mists,
misunderstand,
misunderstanding,
misunderstandings,
misunderstood,
misuse,
moan,
mobster,
mock,
mocked,
mockeries,
mockery,
mocking,
mockingly,
mocks,
molest,
molestation,
monotonous,
monotony,
monster,
monstrosities,
monstrosity,
monstrous,
monstrously,
moody,
moot,
mope,
morbid,
morbidly,
mordant,
mordantly,
moribund,
moron,
moronic,
morons,
mortification,
mortified,
mortify,
mortifying,
motionless,
motley,
mourn,
mourner,
mournful,
mournfully,
muddle,
muddy,
mudslinger,
mudslinging,
mulish,
multi-polarization,
mundane,
murder,
murderer,
murderous,
murderously,
murky,
muscle-flexing,
mushy,
musty,
mysterious,
mysteriously,
mystery,
mystify,
myth,
nag,
nagging,
naive,
naively,
narrower,
nastily,
nastiness,
nasty,
naughty,
nauseate,
nauseates,
nauseating,
nauseatingly,
naïve,
nebulous,
nebulously,
needless,
needlessly,
needy,
nefarious,
nefariously,
negate,
negation,
negative,
negatives,
negativity,
neglect,
neglected,
negligence,
negligent,
nemesis,
nepotism,
nervous,
nervously,
nervousness,
nettle,
nettlesome,
neurotic,
neurotically,
niggle,
niggles,
nightmare,
nightmarish,
nightmarishly,
nitpick,
nitpicking,
noise,
noises,
noisier,
noisy,
non-confidence,
nonexistent,
nonresponsive,
nonsense,
nosey,
notoriety,
notorious,
notoriously,
noxious,
nuisance,
numb,
obese,
object,
objection,
objectionable,
objections,
oblique,
obliterate,
obliterated,
oblivious,
obnoxious,
obnoxiously,
obscene,
obscenely,
obscenity,
obscure,
obscured,
obscures,
obscurity,
obsess,
obsessive,
obsessively,
obsessiveness,
obsolete,
obstacle,
obstinate,
obstinately,
obstruct,
obstructed,
obstructing,
obstruction,
obstructs,
obtrusive,
obtuse,
occlude,
occluded,
occludes,
occluding,
odd,
odder,
oddest,
oddities,
oddity,
oddly,
odor,
offence,
offend,
offender,
offending,
offenses,
offensive,
offensively,
offensiveness,
officious,
ominous,
ominously,
omission,
omit,
one-sided,
onerous,
onerously,
onslaught,
opinionated,
opponent,
opportunistic,
oppose,
opposition,
oppositions,
oppress,
oppression,
oppressive,
oppressively,
oppressiveness,
oppressors,
ordeal,
orphan,
ostracize,
outbreak,
outburst,
outbursts,
outcast,
outcry,
outlaw,
outmoded,
outrage,
outraged,
outrageous,
outrageously,
outrageousness,
outrages,
outsider,
over-acted,
over-awe,
over-balanced,
over-hyped,
over-priced,
over-valuation,
overact,
overacted,
overawe,
overbalance,
overbalanced,
overbearing,
overbearingly,
overblown,
overdo,
overdone,
overdue,
overemphasize,
overheat,
overkill,
overloaded,
overlook,
overpaid,
overpayed,
overplay,
overpower,
overpriced,
overrated,
overreach,
overrun,
overshadow,
oversight,
oversights,
oversimplification,
oversimplified,
oversimplify,
oversize,
overstate,
overstated,
overstatement,
overstatements,
overstates,
overtaxed,
overthrow,
overthrows,
overturn,
overweight,
overwhelm,
overwhelmed,
overwhelming,
overwhelmingly,
overwhelms,
overzealous,
overzealously,
overzelous,
pain,
painful,
painfull,
painfully,
pains,
pale,
pales,
paltry,
pan,
pandemonium,
pander,
pandering,
panders,
panic,
panick,
panicked,
panicking,
panicky,
paradoxical,
paradoxically,
paralize,
paralyzed,
paranoia,
paranoid,
parasite,
pariah,
parody,
partiality,
partisan,
partisans,
passe,
passive,
passiveness,
pathetic,
pathetically,
patronize,
paucity,
pauper,
paupers,
payback,
peculiar,
peculiarly,
pedantic,
peeled,
peeve,
peeved,
peevish,
peevishly,
penalize,
penalty,
perfidious,
perfidity,
perfunctory,
peril,
perilous,
perilously,
perish,
pernicious,
perplex,
perplexed,
perplexing,
perplexity,
persecute,
persecution,
pertinacious,
pertinaciously,
pertinacity,
perturb,
perturbed,
pervasive,
perverse,
perversely,
perversion,
perversity,
pervert,
perverted,
perverts,
pessimism,
pessimistic,
pessimistically,
pest,
pestilent,
petrified,
petrify,
pettifog,
petty,
phobia,
phobic,
phony,
picket,
picketed,
picketing,
pickets,
picky,
pig,
pigs,
pillage,
pillory,
pimple,
pinch,
pique,
pitiable,
pitiful,
pitifully,
pitiless,
pitilessly,
pittance,
pity,
plagiarize,
plague,
plasticky,
plaything,
plea,
pleas,
plebeian,
plight,
plot,
plotters,
ploy,
plunder,
plunderer,
pointless,
pointlessly,
poison,
poisonous,
poisonously,
pokey,
poky,
polarisation,
polemize,
pollute,
polluter,
polluters,
polution,
pompous,
poor,
poorer,
poorest,
poorly,
posturing,
pout,
poverty,
powerless,
prate,
pratfall,
prattle,
precarious,
precariously,
precipitate,
precipitous,
predatory,
predicament,
prejudge,
prejudice,
prejudices,
prejudicial,
premeditated,
preoccupy,
preposterous,
preposterously,
presumptuous,
presumptuously,
pretence,
pretend,
pretense,
pretentious,
pretentiously,
prevaricate,
pricey,
pricier,
prick,
prickle,
prickles,
prideful,
prik,
primitive,
prison,
prisoner,
problem,
problematic,
problems,
procrastinate,
procrastinates,
procrastination,
profane,
profanity,
prohibit,
prohibitive,
prohibitively,
propaganda,
propagandize,
proprietary,
prosecute,
protest,
protested,
protesting,
protests,
protracted,
provocation,
provocative,
provoke,
pry,
pugnacious,
pugnaciously,
pugnacity,
punch,
punish,
punishable,
punitive,
punk,
puny,
puppet,
puppets,
puzzled,
puzzlement,
puzzling,
quack,
qualm,
qualms,
quandary,
quarrel,
quarrellous,
quarrellously,
quarrels,
quarrelsome,
quash,
queer,
questionable,
quibble,
quibbles,
quitter,
rabid,
racism,
racist,
racists,
racy,
radical,
radicalization,
radically,
radicals,
rage,
ragged,
raging,
rail,
raked,
rampage,
rampant,
ramshackle,
rancor,
randomly,
rankle,
rant,
ranted,
ranting,
rantingly,
rants,
rape,
raped,
raping,
rascal,
rascals,
rash,
rattle,
rattled,
rattles,
ravage,
raving,
reactionary,
rebellious,
rebuff,
rebuke,
recalcitrant,
recant,
recession,
recessionary,
reckless,
recklessly,
recklessness,
recoil,
recourses,
redundancy,
redundant,
refusal,
refuse,
refused,
refuses,
refusing,
refutation,
refute,
refuted,
refutes,
refuting,
regress,
regression,
regressive,
regret,
regreted,
regretful,
regretfully,
regrets,
regrettable,
regrettably,
regretted,
reject,
rejected,
rejecting,
rejection,
rejects,
relapse,
relentless,
relentlessly,
relentlessness,
reluctance,
reluctant,
reluctantly,
remorse,
remorseful,
remorsefully,
remorseless,
remorselessly,
remorselessness,
renounce,
renunciation,
repel,
repetitive,
reprehensible,
reprehensibly,
reprehension,
reprehensive,
repress,
repression,
repressive,
reprimand,
reproach,
reproachful,
reprove,
reprovingly,
repudiate,
repudiation,
repugn,
repugnance,
repugnant,
repugnantly,
repulse,
repulsed,
repulsing,
repulsive,
repulsively,
repulsiveness,
resent,
resentful,
resentment,
resignation,
resigned,
resistance,
restless,
restlessness,
restrict,
restricted,
restriction,
restrictive,
resurgent,
retaliate,
retaliatory,
retard,
retarded,
retardedness,
retards,
reticent,
retract,
retreat,
retreated,
revenge,
revengeful,
revengefully,
revert,
revile,
reviled,
revoke,
revolt,
revolting,
revoltingly,
revulsion,
revulsive,
rhapsodize,
rhetoric,
rhetorical,
ricer,
ridicule,
ridicules,
ridiculous,
ridiculously,
rife,
rift,
rifts,
rigid,
rigidity,
rigidness,
rile,
riled,
rip,
rip-off,
ripoff,
ripped,
risk,
risks,
risky,
rival,
rivalry,
roadblocks,
rocky,
rogue,
rollercoaster,
rot,
rotten,
rough,
rremediable,
rubbish,
rude,
rue,
ruffian,
ruffle,
ruin,
ruined,
ruining,
ruinous,
ruins,
rumbling,
rumor,
rumors,
rumours,
rumple,
run-down,
runaway,
rupture,
rust,
rusts,
rusty,
rut,
ruthless,
ruthlessly,
ruthlessness,
ruts,
sabotage,
sack,
sacrificed,
sad,
sadden,
sadly,
sadness,
sag,
sagged,
sagging,
saggy,
sags,
salacious,
sanctimonious,
sap,
sarcasm,
sarcastic,
sarcastically,
sardonic,
sardonically,
sass,
satirical,
satirize,
savage,
savaged,
savagery,
savages,
scaly,
scam,
scams,
scandal,
scandalize,
scandalized,
scandalous,
scandalously,
scandals,
scandel,
scandels,
scant,
scapegoat,
scar,
scarce,
scarcely,
scarcity,
scare,
scared,
scarier,
scariest,
scarily,
scarred,
scars,
scary,
scathing,
scathingly,
sceptical,
scoff,
scoffingly,
scold,
scolded,
scolding,
scoldingly,
scorching,
scorchingly,
scorn,
scornful,
scornfully,
scoundrel,
scourge,
scowl,
scramble,
scrambled,
scrambles,
scrambling,
scrap,
scratch,
scratched,
scratches,
scratchy,
scream,
screech,
screw-up,
screwed,
screwed-up,
screwy,
scuff,
scuffs,
scum,
scummy,
second-class,
second-tier,
secretive,
sedentary,
seedy,
seethe,
seething,
self-coup,
self-criticism,
self-defeating,
self-destructive,
self-humiliation,
self-interest,
self-interested,
self-serving,
selfinterested,
selfish,
selfishly,
selfishness,
semi-retarded,
senile,
sensationalize,
senseless,
senselessly,
seriousness,
sermonize,
servitude,
set-up,
setback,
setbacks,
sever,
severe,
severity,
sh*t,
shabby,
shadowy,
shady,
shake,
shaky,
shallow,
sham,
shambles,
shame,
shameful,
shamefully,
shamefulness,
shameless,
shamelessly,
shamelessness,
shark,
sharply,
shatter,
shemale,
shimmer,
shimmy,
shipwreck,
shirk,
shirker,
shit,
shiver,
shock,
shocked,
shocking,
shockingly,
shoddy,
short-lived,
shortage,
shortchange,
shortcoming,
shortcomings,
shortness,
shortsighted,
shortsightedness,
showdown,
shrew,
shriek,
shrill,
shrilly,
shrivel,
shroud,
shrouded,
shrug,
shun,
shunned,
sick,
sicken,
sickening,
sickeningly,
sickly,
sickness,
sidetrack,
sidetracked,
siege,
sillily,
silly,
simplistic,
simplistically,
sin,
sinful,
sinfully,
sinister,
sinisterly,
sink,
sinking,
skeletons,
skeptic,
skeptical,
skeptically,
skepticism,
sketchy,
skimpy,
skinny,
skittish,
skittishly,
skulk,
slack,
slander,
slanderer,
slanderous,
slanderously,
slanders,
slap,
slashing,
slaughter,
slaughtered,
slave,
slaves,
sleazy,
slime,
slog,
slogged,
slogging,
slogs,
sloooooooooooooow,
sloooow,
slooow,
sloow,
sloppily,
sloppy,
sloth,
slothful,
slow,
slow-moving,
slowed,
slower,
slowest,
slowly,
sloww,
slowww,
slowwww,
slug,
sluggish,
slump,
slumping,
slumpping,
slur,
slut,
sluts,
sly,
smack,
smallish,
smash,
smear,
smell,
smelled,
smelling,
smells,
smelly,
smelt,
smoke,
smokescreen,
smolder,
smoldering,
smother,
smoulder,
smouldering,
smudge,
smudged,
smudges,
smudging,
smug,
smugly,
smut,
smuttier,
smuttiest,
smutty,
snag,
snagged,
snagging,
snags,
snappish,
snappishly,
snare,
snarky,
snarl,
sneak,
sneakily,
sneaky,
sneer,
sneering,
sneeringly,
snob,
snobbish,
snobby,
snobish,
snobs,
snub,
so-cal,
soapy,
sob,
sober,
sobering,
solemn,
solicitude,
somber,
sore,
sorely,
soreness,
sorrow,
sorrowful,
sorrowfully,
sorry,
sour,
sourly,
spade,
spank,
spendy,
spew,
spewed,
spewing,
spews,
spilling,
spinster,
spiritless,
spite,
spiteful,
spitefully,
spitefulness,
splatter,
split,
splitting,
spoil,
spoilage,
spoilages,
spoiled,
spoilled,
spoils,
spook,
spookier,
spookiest,
spookily,
spooky,
spoon-fed,
spoon-feed,
spoonfed,
sporadic,
spotty,
spurious,
spurn,
sputter,
squabble,
squabbling,
squander,
squash,
squeak,
squeaks,
squeaky,
squeal,
squealing,
squeals,
squirm,
stab,
stagnant,
stagnate,
stagnation,
staid,
stain,
stains,
stale,
stalemate,
stall,
stalls,
stammer,
stampede,
standstill,
stark,
starkly,
startle,
startling,
startlingly,
starvation,
starve,
static,
steal,
stealing,
steals,
steep,
steeply,
stench,
stereotype,
stereotypical,
stereotypically,
stern,
stew,
sticky,
stiff,
stiffness,
stifle,
stifling,
stiflingly,
stigma,
stigmatize,
sting,
stinging,
stingingly,
stingy,
stink,
stinks,
stodgy,
stole,
stolen,
stooge,
stooges,
stormy,
straggle,
straggler,
strain,
strained,
straining,
strange,
strangely,
stranger,
strangest,
strangle,
streaky,
strenuous,
stress,
stresses,
stressful,
stressfully,
stricken,
strict,
strictly,
strident,
stridently,
strife,
strike,
stringent,
stringently,
struck,
struggle,
struggled,
struggles,
struggling,
strut,
stubborn,
stubbornly,
stubbornness,
stuck,
stuffy,
stumble,
stumbled,
stumbles,
stump,
stumped,
stumps,
stun,
stunt,
stunted,
stupid,
stupidest,
stupidity,
stupidly,
stupified,
stupify,
stupor,
stutter,
stuttered,
stuttering,
stutters,
sty,
stymied,
sub-par,
subdued,
subjected,
subjection,
subjugate,
subjugation,
submissive,
subordinate,
subpoena,
subpoenas,
subservience,
subservient,
substandard,
subtract,
subversion,
subversive,
subversively,
subvert,
succumb,
suck,
sucked,
sucker,
sucks,
sucky,
sue,
sued,
sueing,
sues,
suffer,
suffered,
sufferer,
sufferers,
suffering,
suffers,
suffocate,
sugar-coat,
sugar-coated,
sugarcoated,
suicidal,
suicide,
sulk,
sullen,
sully,
sunder,
sunk,
sunken,
superficial,
superficiality,
superficially,
superfluous,
superstition,
superstitious,
suppress,
suppression,
surrender,
susceptible,
suspect,
suspicion,
suspicions,
suspicious,
suspiciously,
swagger,
swamped,
sweaty,
swelled,
swelling,
swindle,
swipe,
swollen,
symptom,
symptoms,
syndrome,
taboo,
tacky,
taint,
tainted,
tamper,
tangle,
tangled,
tangles,
tank,
tanked,
tanks,
tantrum,
tardy,
tarnish,
tarnished,
tarnishes,
tarnishing,
tattered,
taunt,
taunting,
tauntingly,
taunts,
taut,
tawdry,
taxing,
tease,
teasingly,
tedious,
tediously,
temerity,
temper,
tempest,
temptation,
tenderness,
tense,
tension,
tentative,
tentatively,
tenuous,
tenuously,
tepid,
terrible,
terribleness,
terribly,
terror,
terror-genic,
terrorism,
terrorize,
testily,
testy,
tetchily,
tetchy,
thankless,
thicker,
thirst,
thorny,
thoughtless,
thoughtlessly,
thoughtlessness,
thrash,
threat,
threaten,
threatening,
threats,
threesome,
throb,
throbbed,
throbbing,
throbs,
throttle,
thug,
thumb-down,
thumbs-down,
thwart,
time-consuming,
timid,
timidity,
timidly,
timidness,
tin-y,
tingled,
tingling,
tired,
tiresome,
tiring,
tiringly,
toil,
toll,
top-heavy,
topple,
torment,
tormented,
torrent,
tortuous,
torture,
tortured,
tortures,
torturing,
torturous,
torturously,
totalitarian,
touchy,
toughness,
tout,
touted,
touts,
toxic,
traduce,
tragedy,
tragic,
tragically,
traitor,
traitorous,
traitorously,
tramp,
trample,
transgress,
transgression,
trap,
traped,
trapped,
trash,
trashed,
trashy,
trauma,
traumatic,
traumatically,
traumatize,
traumatized,
travesties,
travesty,
treacherous,
treacherously,
treachery,
treason,
treasonous,
trick,
tricked,
trickery,
tricky,
trivial,
trivialize,
trouble,
troubled,
troublemaker,
troubles,
troublesome,
troublesomely,
troubling,
troublingly,
truant,
tumble,
tumbled,
tumbles,
tumultuous,
turbulent,
turmoil,
twist,
twisted,
twists,
two-faced,
two-faces,
tyrannical,
tyrannically,
tyranny,
tyrant,
ugh,
uglier,
ugliest,
ugliness,
ugly,
ulterior,
ultimatum,
ultimatums,
ultra-hardline,
un-viewable,
unable,
unacceptable,
unacceptablely,
unacceptably,
unaccessible,
unaccustomed,
unachievable,
unaffordable,
unappealing,
unattractive,
unauthentic,
unavailable,
unavoidably,
unbearable,
unbearablely,
unbelievable,
unbelievably,
uncaring,
uncertain,
uncivil,
uncivilized,
unclean,
unclear,
uncollectible,
uncomfortable,
uncomfortably,
uncomfy,
uncompetitive,
uncompromising,
uncompromisingly,
unconfirmed,
unconstitutional,
uncontrolled,
unconvincing,
unconvincingly,
uncooperative,
uncouth,
uncreative,
undecided,
undefined,
undependability,
undependable,
undercut,
undercuts,
undercutting,
underdog,
underestimate,
underlings,
undermine,
undermined,
undermines,
undermining,
underpaid,
underpowered,
undersized,
undesirable,
undetermined,
undid,
undignified,
undissolved,
undocumented,
undone,
undue,
unease,
uneasily,
uneasiness,
uneasy,
uneconomical,
unemployed,
unequal,
unethical,
uneven,
uneventful,
unexpected,
unexpectedly,
unexplained,
unfairly,
unfaithful,
unfaithfully,
unfamiliar,
unfavorable,
unfeeling,
unfinished,
unfit,
unforeseen,
unforgiving,
unfortunate,
unfortunately,
unfounded,
unfriendly,
unfulfilled,
unfunded,
ungovernable,
ungrateful,
unhappily,
unhappiness,
unhappy,
unhealthy,
unhelpful,
unilateralism,
unimaginable,
unimaginably,
unimportant,
uninformed,
uninsured,
unintelligible,
unintelligile,
unipolar,
unjust,
unjustifiable,
unjustifiably,
unjustified,
unjustly,
unkind,
unkindly,
unknown,
unlamentable,
unlamentably,
unlawful,
unlawfully,
unlawfulness,
unleash,
unlicensed,
unlikely,
unlucky,
unmoved,
unnatural,
unnaturally,
unnecessary,
unneeded,
unnerve,
unnerved,
unnerving,
unnervingly,
unnoticed,
unobserved,
unorthodox,
unorthodoxy,
unpleasant,
unpleasantries,
unpopular,
unpredictable,
unprepared,
unproductive,
unprofitable,
unprove,
unproved,
unproven,
unproves,
unproving,
unqualified,
unravel,
unraveled,
unreachable,
unreadable,
unrealistic,
unreasonable,
unreasonably,
unrelenting,
unrelentingly,
unreliability,
unreliable,
unresolved,
unresponsive,
unrest,
unruly,
unsafe,
unsatisfactory,
unsavory,
unscrupulous,
unscrupulously,
unsecure,
unseemly,
unsettle,
unsettled,
unsettling,
unsettlingly,
unskilled,
unsophisticated,
unsound,
unspeakable,
unspeakablely,
unspecified,
unstable,
unsteadily,
unsteadiness,
unsteady,
unsuccessful,
unsuccessfully,
unsupported,
unsupportive,
unsure,
unsuspecting,
unsustainable,
untenable,
untested,
unthinkable,
unthinkably,
untimely,
untouched,
untrue,
untrustworthy,
untruthful,
unusable,
unusably,
unuseable,
unuseably,
unusual,
unusually,
unviewable,
unwanted,
unwarranted,
unwatchable,
unwelcome,
unwell,
unwieldy,
unwilling,
unwillingly,
unwillingness,
unwise,
unwisely,
unworkable,
unworthy,
unyielding,
upbraid,
upheaval,
uprising,
uproar,
uproarious,
uproariously,
uproarous,
uproarously,
uproot,
upset,
upseting,
upsets,
upsetting,
upsettingly,
urgent,
useless,
usurp,
usurper,
utterly,
vagrant,
vague,
vagueness,
vain,
vainly,
vanity,
vehement,
vehemently,
vengeance,
vengeful,
vengefully,
vengefulness,
venom,
venomous,
venomously,
vent,
vestiges,
vex,
vexation,
vexing,
vexingly,
vibrate,
vibrated,
vibrates,
vibrating,
vibration,
vice,
vicious,
viciously,
viciousness,
victimize,
vile,
vileness,
vilify,
villainous,
villainously,
villains,
villian,
villianous,
villianously,
villify,
vindictive,
vindictively,
vindictiveness,
violate,
violation,
violator,
violators,
violent,
violently,
viper,
virulence,
virulent,
virulently,
virus,
vociferous,
vociferously,
volatile,
volatility,
vomit,
vomited,
vomiting,
vomits,
vulgar,
vulnerable,
wack,
wail,
wallow,
wane,
waning,
wanton,
war-like,
warily,
wariness,
warlike,
warned,
warning,
warp,
warped,
wary,
washed-out,
waste,
wasted,
wasteful,
wastefulness,
wasting,
water-down,
watered-down,
wayward,
weak,
weaken,
weakening,
weaker,
weakness,
weaknesses,
weariness,
wearisome,
weary,
wedge,
weed,
weep,
weird,
weirdly,
wheedle,
whimper,
whine,
whining,
whiny,
whips,
whore,
whores,
wicked,
wickedly,
wickedness,
wild,
wildly,
wiles,
wilt,
wily,
wimpy,
wince,
wobble,
wobbled,
wobbles,
woe,
woebegone,
woeful,
woefully,
womanizer,
womanizing,
worn,
worried,
worriedly,
worrier,
worries,
worrisome,
worry,
worrying,
worryingly,
worse,
worsen,
worsening,
worst,
worthless,
worthlessly,
worthlessness,
wound,
wounds,
wrangle,
wrath,
wreak,
wreaked,
wreaks,
wreck,
wrest,
wrestle,
wretch,
wretched,
wretchedly,
wretchedness,
wrinkle,
wrinkled,
wrinkles,
wrip,
wripped,
wripping,
writhe,
wrong,
wrongful,
wrongly,
wrought,
yawn,
zap,
zapped,
zaps,
zealot,
zealous,
zealously,
zombie,
fml,
fuck,
rip,
FTL,
irritating,
not that good,
suck,
lying,
duplicity,
angered,
dumbfounding,
dumbifying,
unimpressed,
stomach it,
pw,
pwns,
pwnd,
pwning,
horrifying,
wrong,
flailing,
failing,
lose,
fallen,
self-deprecating,
hunker,
duh,
killed,
hated,
fuming,
frothing,
heavy,
buggy,
unusable,
nothing,
despise,
pos,
hindrance,
sucks,
problems,
fuming,
annoying,
frothing,
poorly,
headache,
lame,
bullshit,
fail,
terrible,
negative,
anooying,
trouble,
brainwashed,
smear,
commie,
communist,
anti-women,
wtf,
anxiety,
yell,
damn,
arent,
anti,
hate,
hate,
dissapointing,
worst,
expensive,
crap,
socialist,
wont,
wont,
Thanks,
smartass,
too bad,
frickin,
snooty,
jerk,
reactionist,
hypocrisy,
ugly,
noise,
crappy,
horrible,
angry,
annoyed,
anxious,
arrogant,
ashamed,
awful,
bad,
bewildered,
blues,
bored,
clumsy,
combative,
condemned,
confused,
crazy,
flipped-out,
creepy,
cruel,
dangerous,
defeated,
defiant,
depressed,
disgusted,
disturbed,
dizzy,
dull,
embarrassed,
envious,
evil,
fierce,
foolish,
frantic,
frightened,
grieving,
grumpy,
helpless,
homeless,
hungry,
hurt,
ill,
itchy,
jealous,
jittery,
lazy,
lonely,
mysterious,
nasty,
rape,
naughty,
nervous,
nutty,
obnoxious,
outrageous,
panicky,
fucking,
repulsive,
scary,
selfish,
sore,
tense,
terrible,
testy,
thoughtless,
tired,
troubled,
upset,
uptight,
weary,
wicked,
worried,
fool,
painful,
pain,
gross,
